{
    "acc": 0.6849593495934959,
    "precision": 0.6396396396396397,
    "recall": 0.3817204301075269,
    "f1_score": 0.4781144781144781
}