{
    "Accuracy": 0.6539634146341463,
    "Precision": 0.5794392523364486,
    "Recall": 0.2540983606557377,
    "F1_score": 0.35327635327635326
}
