{
    "Accuracy: ": 0.676829268292683,
    "Precision: ": 0.6238532110091743,
    "recall: ": 0.3655913978494624,
    "f1score: ": 0.4610169491525424
}
